,baseMean,log2FoldChange,lfcSE,stat,pvalue,padj,svalue
OTTMUSG00000016609,138.013952291577,22.2588164351945,3.70244978121909,6.38297110643218,1.73684687061226e-10,1.38831500740147e-09,4.58961877187742e-07
Grem1,287.38880209685,9.09831139780583,0.984692562951379,9.65608966551555,4.63208235452075e-22,1.40377829132837e-20,1.3794125760143e-16
Slco4a1,52.4530705311396,9.05069279497998,1.11447574455901,8.59144331091632,8.58835798117352e-18,1.80190356874237e-16,1.94361108202849e-13
Il1rn,51.1895434715635,8.7156838604852,1.31513721618887,7.15545553527611,8.33955179957782e-13,9.47755313889522e-12,2.54041901493207e-09
Bub1,83.4741940738706,7.55747055585937,0.789034977128984,9.83037422408072,8.33086234047691e-23,2.75423357983646e-21,9.1863422707605e-17
Slc2a6,13.4220230911773,6.98864368834908,1.11986686479704,6.60849566343215,3.88244909338349e-11,3.47192783678803e-10,5.57777893314076e-08
AA467197,28.2375399329485,6.78097408044273,1.05012073386966,6.79870259971212,1.05565480993999e-11,9.92861549693562e-11,2.23349092864607e-08
Lcn2,1970.74053965895,6.76557952032886,0.410960610787118,16.5869544693262,8.66018758904059e-62,1.57471077660721e-59,1.30428946923232e-44
Syt13,80.8067153563222,6.5700084349674,0.862504428487877,7.89160050200323,2.98335433590417e-15,4.85796952309172e-14,5.40309081843983e-11
Mmp9,93.4381368513588,5.79693042727715,0.721900972150795,8.26872160806708,1.35403030485734e-16,2.59166151333222e-15,9.82852442595182e-12
Mcm10,58.6983824687527,5.35154490873811,0.523665558481497,10.3975329392315,2.54435349700006e-25,1.02810728341743e-23,4.73047801943833e-17
Casc5,56.4574590517343,5.22859248113918,0.535056436993964,9.95672259716763,2.35704996037895e-23,8.2952951831401e-22,9.61017863166388e-16
Ly75,18.2595266631878,4.77043238951078,0.775699033621969,6.46585485694489,1.00727726578294e-10,8.38885112190216e-10,3.27630131433186e-07
Slpi,33.7553868255841,4.55013711425515,0.657063652445278,7.19755007825599,6.13040372841119e-13,7.11518134861342e-12,1.34678398531765e-08
Fam83d,33.0754512250989,4.46085851973963,0.666598790490198,6.97983830937273,2.95519977810876e-12,3.04162543199685e-11,7.63924791253731e-08
Ckap2l,169.145354825918,4.21882804776663,0.327214560573219,13.0267246027452,8.62304988355016e-39,1.04530526921702e-36,3.96465112430196e-23
Wfdc12,8.13098477682593,4.21460297572294,1.26961087660416,4.34862846525343,1.3699156420661e-05,5.37617973199323e-05,0.00137986455261371
Tpx2,319.868478316156,3.99464938324304,0.343853681809004,11.774760188753,5.26666631413283e-32,3.19218497151051e-30,1.18230788284467e-18
Spc25,64.6456274835306,3.86824739290895,0.438849854830685,9.04264258709451,1.52929231255399e-19,3.70768425110312e-18,1.73944793699111e-11
Ube2c,101.02125835799,3.85164489030239,0.465424121691578,8.52369208435169,1.54546145977676e-17,3.18131783512537e-16,1.48950898196231e-10
Zbp1,1579.68492345857,3.7062300769609,0.12181455019946,30.4876560465914,3.79842746654988e-204,4.14408436600592e-201,4.63500213998491e-109
Knstrn,177.194781004681,3.67511291067867,0.225755689126015,16.4014293667783,1.86790906037352e-60,2.91126969266787e-58,1.01680321876047e-32
Ncaph,116.566393488284,3.67140738099023,0.315200654494248,11.8253796731402,2.88594924909496e-32,1.96785664422663e-30,7.3144011364258e-18
Pdyn,16.7968463672852,3.32997168392191,0.541238729475705,6.57943584705694,4.72236606122611e-11,4.15492046193362e-10,1.60340274956011e-06
Mastl,65.5531166376006,3.25969114363549,0.399955568803642,8.46999053096656,2.45412985451446e-17,4.8681012205005e-16,1.58129232849339e-09
Mybl2,88.6383955418249,3.05489366977657,0.369946607787492,8.59735896378369,8.15715325741556e-18,1.74499102036086e-16,3.81316257190479e-09
Bdnf,16.500043773329,2.90611660859688,0.502151381504826,6.29940119802123,2.98797687391455e-10,2.31442819020026e-09,1.06347289365338e-05
Bub1b,291.656056138034,2.75190322060458,0.246138750136687,11.4525177563269,2.28413233605631e-30,1.18666113268449e-28,8.03943470469924e-14
Lrrn4,20.816551228666,2.75097501896078,1.28334783966051,3.78877959393976,0.000151389148920105,0.000491564171047128,0.0131511776385721
Aurka,140.592877957927,2.68268763696231,0.252499675789075,10.9123253014327,1.00648404864189e-27,4.57530873778459e-26,1.82118848211319e-12
Dok5,50.7544139184052,2.61975541120837,0.295980997841475,9.19507656948698,3.74727622074691e-20,9.50762408566252e-19,5.32311770679702e-09
Nnat,218.481723271229,2.46178714906708,0.22959210174711,11.0059926780436,3.57556169659512e-28,1.69605991781968e-26,2.58211320078303e-11
Rad51,89.241813808882,2.37985997460476,0.272069068341709,9.09294994525978,9.6387630042575e-20,2.38997509946476e-18,3.40110818582573e-08
Hck,24.2382558305538,2.37457390172929,0.597401592977054,4.90094063169219,9.53788784100316e-07,4.4660238774826e-06,0.000590086215830371
Cdca7,107.489328861915,2.32925564945457,0.294420403839813,8.2956738307713,1.07971412194143e-16,2.10351447685374e-15,6.01681588919934e-07
Nusap1,96.8681917441905,2.27839041428516,0.289627962224895,8.25352842749521,1.53785273183809e-16,2.89275401799199e-15,9.5344321754647e-07
Gpr176,508.491543754967,2.27572420576386,0.159095251197715,14.5101474510836,1.04495705490127e-47,1.42506018362161e-45,2.07292146111915e-16
Sapcd2,18.4363805597177,2.20367917757735,2.21122525907928,3.06907929443144,0.00214719591674757,0.00539767452804515,0.0743891563210974
Chac1,7.32555530210989,2.16121760991514,1.08786365487034,3.69316178947249,0.000221483012268851,0.000684526816955569,0.0265673587587726
Arhgap11a,128.772564545884,2.12196072931305,0.229739341077286,9.56090854011885,1.16727429738748e-21,3.3513059432888e-20,1.01776023544702e-07
B2m,50538.3221328461,2.02767814837417,0.0710657472728619,28.6311699620078,2.75073049617123e-180,1.50052348566141e-177,8.61745909601224e-48
Phf19,94.2757183557318,1.96282945151221,0.278972653559518,7.50901786025937,5.95725986290615e-14,8.02391421040817e-13,1.98846258302955e-05
Ada,119.726526406652,1.75388639268133,0.169319477919625,10.6948766973972,1.07562623175181e-26,4.69403287536489e-25,7.40253294560302e-07
Dsn1,91.535196645718,1.74559716331932,0.247203479678939,7.59442613539208,3.09159438080987e-14,4.26953097400451e-13,8.99323179718226e-05
Rtn4rl2,451.989977871029,1.68703334431109,0.145066733475822,11.9434260333196,7.02680014423862e-33,5.11082597157622e-31,1.42469235777361e-07
Oip5,26.5670769399288,1.65330022222217,0.414731471043774,5.03237701184193,4.8443538786732e-07,2.39148872472057e-06,0.00413944232386205
Rbl1,307.434698556217,1.64965542824787,0.165890054388568,10.3318356381219,5.05831843105766e-25,1.97093764581568e-23,2.95601864574009e-06
Hdc,39.9557410803976,1.64841618926931,0.477845510181289,4.63891028629669,3.50251042100452e-06,1.54082212472417e-05,0.00728764623556556
Pkn3,38.3567801325765,1.55019307448389,0.507942304337477,4.36505658374929,1.27089856513012e-05,5.02373309622088e-05,0.0217295095033707
Trim69,13.4540751601889,1.5313922501763,0.591095123287947,4.04747440593331,5.17732410182197e-05,0.00018339157776259,0.0291766887527531
Gins1,68.2035902993775,1.45292139909559,0.276648856001311,6.1130315358462,9.77560434602637e-10,6.97070871994429e-09,0.00298960540134648
Mcm8,66.3534144561073,1.45193425408652,0.380321771080277,4.93748413274296,7.91368430121656e-07,3.77023125442239e-06,0.0111973854088384
Traf1,99.6122914255541,1.41855724645049,0.301803564644548,5.65482941633575,1.56001129322744e-08,9.50822525648681e-08,0.00565613211467152
Lrrc4c,22.3629447292057,1.38360179997155,0.490196039416022,4.19645675259767,2.71123203948842e-05,0.000100269632375657,0.0396958307592069
Sox12,261.362568620601,1.36125180718473,0.147059157286667,9.78963361243169,1.24747096440283e-22,3.88854520618139e-21,0.000242286263956315
2700094K13Rik,395.84285731413,1.35847663349029,0.19358723743668,7.70723739992209,1.28570499728477e-14,1.94820021116346e-13,0.00199919332561826
Slc17a9,53.5488467803895,1.34566591782142,0.324235354480065,5.20952215074155,1.89327604870872e-07,9.97857086541648e-07,0.0196615570511585
Nek6,1049.44523503426,1.3136249395244,0.0679196172902455,19.6086225896324,1.30518935133249e-85,3.55990395575936e-83,1.98285761680939e-07
Cd44,3563.20361934724,1.29794599218773,0.079123727924346,16.7217460640771,9.10131456045359e-63,1.98590683709097e-60,6.7257802650763e-06
Frmd5,64.3119967928788,1.28594099968866,0.301653833268556,5.30079443936578,1.15299851252135e-07,6.3853877013238e-07,0.0241584743508962
Lpcat4,117.593806618625,1.15914402309334,0.222982952557427,6.07509018883211,1.2391805548654e-09,8.66632041896249e-09,0.0453216061753847
Chn1,677.974096239681,1.12824582353963,0.121620408596058,9.81927464539087,9.30103657204854e-23,2.98453850003087e-21,0.0175421135863555
B4galt5,2524.14543987221,1.12001835127001,0.0999369485316573,11.6637150786044,1.9532972283437e-31,1.06552363806149e-29,0.00921038798159044
Lama5,2498.04060184179,1.03694949993299,0.21093601095686,5.76479195664818,8.17586311154997e-09,5.21629628929884e-08,0.0694206671080528
Shc4,122.339388459609,1.02326768230485,0.227320278932283,5.40003562206373,6.66276656310866e-08,3.80580016772332e-07,0.0793099426635547
Ogfr,1403.47310230507,0.989557826230773,0.0815639064885462,12.5021148730562,7.26913593827845e-36,7.93062730866178e-34,0.096083316224853
Kif18a,52.0663058777852,0.963011328429522,0.272149270088979,4.56786688535712,4.92712761650878e-06,2.10803773710238e-05,0.107061983640529
Ggt7,146.02049472673,0.962113788224062,0.164230726611519,6.53715511805718,6.27000109295234e-11,5.3681035358963e-10,0.123422336572506
Itga4,11.8783627995194,0.874980172331371,0.560743724993554,3.08915465211586,0.00200726921237623,0.00509286211791272,0.129055109081781
Tmem8c,38.4229211984696,0.859217434588961,0.400516814261658,3.46152013392161,0.000537133941197693,0.00156270167959116,0.134892576355673
Pbx3,307.761782837352,0.858211506333482,0.13744601721598,6.78749524305225,1.14097020002629e-11,1.06393033181939e-10,0.246421125342524
Hat1,434.343412960711,0.851462141008691,0.131892304593572,6.97526699184274,3.05290473081096e-12,3.11282155263061e-11,0.278823434353969
Zdhhc12,164.6992743694,0.839863021253656,0.127625924964065,7.07945211860164,1.44725492778214e-12,1.57895512621032e-11,0.309145316882974
Dut,468.691357859888,0.828642378667023,0.14039126520903,6.44787409005068,1.13429934595684e-10,9.37515595787054e-10,0.299225930466264
Grb14,220.336954992749,0.825275596032741,0.15382333448946,5.96293815624825,2.47742206877464e-09,1.6582009061553e-08,0.283980656087928
Trp53i11,333.861754316236,0.80652069517471,0.106412698160145,7.98353426289894,1.42201817398755e-15,2.38680281203142e-14,0.460448916437175
Ptrh1,133.510814388475,0.780886225959218,0.143670355821934,5.98332421584614,2.18628967329205e-09,1.47237162565532e-08,0.38500008366991
Wdr76,114.314917959171,0.776214135996797,0.172858417448473,5.15661210902231,2.51457954170446e-07,1.31894532692287e-06,0.318858248507354
Helz2,4203.38797636443,0.768284364716037,0.10559788631466,7.66685388668806,1.76266378834444e-14,2.54158132372416e-13,0.526102206792991
Nudt5,299.061917670191,0.766070550195561,0.113606772217657,7.16620604173842,7.71047016513843e-13,8.85486626333266e-12,0.50768561491285
Il15ra,264.771031528882,0.763600097943569,0.148385636972635,5.7114953773837,1.11987739833851e-08,7.06234821726772e-08,0.404559676158641
Lrp2,9.79696129113795,0.760504374611098,0.862264682087388,2.56426821387118,0.010339361174643,0.0218186519178637,0.152814664753913
Fam129b,3289.75525004342,0.75865190427645,0.0772934854881524,10.094275863087,5.85616858506736e-24,2.20313100907189e-22,0.685194939013959
Il1b,43.4000084430391,0.753363850501356,0.490392296143209,2.95405331983045,0.00313629812753449,0.00763772602040207,0.158824096103412
Ube2l6,1787.81338163894,0.751415300131502,0.0628406453273684,12.181018771931,3.92350002115564e-34,3.54277239944667e-32,0.735367187237331
Samhd1,4203.41968701128,0.744397687643677,0.108798532549485,7.24262260970564,4.40090265271714e-13,5.27624702649934e-12,0.561453188100973
Ptprj,427.043566922013,0.731959731372352,0.132724203816722,6.01389555242705,1.81117230723858e-09,1.2349931169983e-08,0.496580595071868
Stom,861.555852120612,0.727085233217514,0.111258166276286,6.94481802725172,3.78948473618552e-12,3.7929613276866e-11,0.57831442998893
Ifih1,1198.67505495239,0.722658040575059,0.0627842513470743,11.7297224699702,8.9752465931634e-32,5.15368107007435e-30,0.754912866633864
Timm10,159.378036269092,0.708082341755392,0.123103664042667,6.21159723854702,5.24487187371701e-10,3.89262259471106e-09,0.572134228748076
Ptges,4578.06194337874,0.695720158173069,0.077403946252924,9.2623706814844,1.99942692010605e-20,5.45343692458924e-19,0.73208033304715
Psmd14,1097.82073643469,0.683337931295014,0.0761590345803522,9.24272719636319,2.40293045549761e-20,6.39413933401925e-19,0.741705058701636
Disp2,22.4841188401862,0.682739866643222,0.527317198596652,2.72458223128831,0.00643828954655467,0.0144233550211317,0.188208481537331
AV039307,5.42813339553472,0.675246816603713,0.926042089321747,2.3930880380942,0.0167072316601475,0.0330209959080089,0.19396957063988
Slc20a1,1049.29167339423,0.669861562276409,0.101333392083807,6.98467928740519,2.85507429804663e-12,2.99508274920084e-11,0.696253638759866
Trmt6,401.741687990006,0.649667266292392,0.0896087690948871,7.5806821102845,3.43742896158277e-14,4.6877937463585e-13,0.730406108207917
Tgif2,310.498357326783,0.648388369988607,0.11632325591062,6.01683162113565,1.77863917270342e-09,1.22043731913172e-08,0.674538458193226
Eif6,1408.10459229532,0.638490120828002,0.0532712852761535,12.1750480919385,4.22145198834158e-34,3.54277239944667e-32,0.824295854530792
Pcna,1850.73232065411,0.633461648800202,0.103116393714977,6.53532269893954,6.34725349340625e-11,5.3681035358963e-10,0.706573893255778
Wisp2,7312.92748155004,0.633169482628389,0.221214097018681,3.69754748300922,0.000217692508618231,0.000676745597561515,0.415825053639334
Rapsn,30.4091221676464,0.595258474333764,0.289716027845092,3.05782423499545,0.00222950303369791,0.00558560552046941,0.333035472098227
Nmi,544.127151455746,0.590873719408887,0.0891183884738036,6.98127924442694,2.92504251722417e-12,3.03925846313483e-11,0.762992545094937
1110008P14Rik,314.749599009005,0.589832954193095,0.104500981574238,6.05988442077054,1.36219394694256e-09,9.46594647206582e-09,0.733733896977722
Set,2943.40264537794,0.582799655436133,0.0847783541608492,7.21109076370361,5.55054400351441e-13,6.5114446320798e-12,0.775336635533492
Fmn1,311.924285087732,0.582095349808725,0.125233336047073,5.15073847143627,2.59462787952266e-07,1.35442058208575e-06,0.700465812872288
Apip,455.877217006208,0.576879653027705,0.0847913680532636,7.14309018251946,9.12557107618452e-13,1.01591816776707e-11,0.77707820968333
Erich2,5.29374314346715,0.576574475261614,0.885751389560808,2.24299943265984,0.0248968510894673,0.0469938832847904,0.205872181810467
Atp8b4,10.9962348514508,0.572195890286096,0.489543650601799,2.49491860537246,0.0125986025848556,0.0260817370399952,0.217702909107742
Rpl12,11103.8430970791,0.567786629464874,0.0790256291470451,7.50469596449437,6.15713379296702e-14,8.19199142454515e-13,0.789583572812127
Sardh,1791.76949285714,0.565851074248678,0.0653137598296503,8.92695338622384,4.37901834040318e-19,1.03858891508258e-17,0.821015071731724
Frzb,45.8937597986146,0.565562318035816,0.443098199111332,2.53778818582966,0.0111555479196137,0.0234477857869141,0.235058335331649
1500012F01Rik,659.152789533361,0.564932549616538,0.117848791710745,5.2735548120861,1.33806265782459e-07,7.33581085269661e-07,0.719905258229004
Ahcy,1533.91710245586,0.563925800937934,0.0924224846671108,6.479157337297,9.22362840192519e-11,7.74075275884645e-10,0.766835885624796
Psma7,1834.78689762386,0.561142413300098,0.0577811236520876,9.945562687424,2.63679604217939e-23,8.98982650630534e-22,0.840534684980739
Rnf114,1440.38249838069,0.557608706244899,0.0622758209435718,9.20833818929882,3.31212728529179e-20,8.60364492441273e-19,0.830175717666503
Caprin1,5446.89352548654,0.551934426290719,0.0747975535137149,7.68891248571948,1.48390915940603e-14,2.18776336879998e-13,0.806567857808216
3300002I08Rik,21.0637949793359,0.549707545089382,0.367861288722347,2.62613474497413,0.00863606229594244,0.0186275350513269,0.294188562354871
Gm13315,408.341563393203,0.543101995616101,0.122165143527726,4.94935831689518,7.44585573080871e-07,3.56290728171592e-06,0.72260626344124
E2f1,313.042290526805,0.532024380514198,0.183486336009611,3.60531983306506,0.000311768724207223,0.00095011083270972,0.603192275368096
Surf4,9155.7033784281,0.531571964435407,0.0571716247390997,9.54262186621092,1.39266061751435e-21,3.89587880437988e-20,0.91013465059852
Suv39h2,64.3514046487249,0.528498197909204,0.197322249140781,3.42189254160724,0.000621868860193306,0.0017772088251974,0.567924484009601
Rgs19,366.169571193849,0.515937112786774,0.114361754059544,4.99375921923684,5.92152155443243e-07,2.85857522826804e-06,0.746262998761908
Kif5c,7.92084965389304,0.512151027488531,0.569099153854279,2.26902436911839,0.0232668439808161,0.0443003957819727,0.229321632339426
4930426L09Rik,6.68990470062273,0.509535518567634,0.638003084688692,2.22261438356866,0.0262418134808124,0.0488785391323759,0.223542642650185
Apbb1ip,903.626952744771,0.507955215791792,0.14756024544979,4.0378695709337,5.3938827283441e-05,0.000189219487351235,0.699423553620101
Nxt1,261.139822799305,0.503123231080182,0.0937464703935885,5.77502318252132,7.69424907159944e-09,4.93789749242058e-08,0.785928697494482
Itpa,696.490286210067,0.497267570176032,0.0774101237158953,6.76862335967154,1.3001350891916e-11,1.20207405280342e-10,0.818758959190786
Psmc3,3165.23241124251,0.494428288574458,0.0406921324160202,12.3374456843253,5.69335494368791e-35,5.6467729486941e-33,0.919673430702588
Snhg7,43.4122419044089,0.482923746375613,0.256765542612822,2.74232276953551,0.00610063618120742,0.0137771117911183,0.47903464115372
Gss,354.683584822197,0.482478175366192,0.100987931894006,5.21797685423929,1.80888061835915e-07,9.69357373618736e-07,0.781593077701449
Snai1,2793.4514863049,0.472281939384055,0.110786259253264,4.73895414094901,2.14824110905485e-06,9.72502510364663e-06,0.769944728827491
Cers6,1847.72553725529,0.472132556532368,0.098685094329115,5.21760168216319,1.81254724306345e-07,9.69357373618736e-07,0.787510504843356
Rpl35,5558.88925278894,0.47057862375421,0.0900226165363305,5.62882232129461,1.81444183755862e-08,1.08766815647058e-07,0.803930146794445
Psmb7,1768.08692311845,0.464587627229725,0.059157861953441,8.1309066310754,4.26091454147272e-16,7.74776294124457e-15,0.896681753981532
Ak1,1915.82915206738,0.461346556407713,0.0776161652880511,6.29873259220036,3.00089172407119e-10,2.31442819020026e-09,0.827802923302575
Eif2s2,2107.98996624455,0.457743906062416,0.059067456654614,8.02803090988637,9.90495285667578e-16,1.68848493228645e-14,0.918689222030706
Prr5l,863.267127264337,0.450402498529125,0.156997180981131,3.47802193245878,0.000505128592304638,0.00147746727668729,0.703550888838653
Slmo2,656.76472169889,0.450006756550124,0.06855054710051,6.88417704651901,5.81225518722472e-12,5.71276613447042e-11,0.847847027468394
Hspa14,880.773229797428,0.442559924951163,0.0629684229242137,7.32531282971955,2.38342067562862e-13,2.9548999512623e-12,0.908026934514477
Slx4ip,55.4148510208214,0.43970923459238,0.235275207069375,2.65060108999429,0.00803486782504824,0.0175672160263079,0.550233669981592
Ncs1,402.169226441778,0.438698337861969,0.17416283817974,3.16470498559013,0.0015524026726054,0.00409099351645529,0.690821995029726
Gm14005,220.568454881061,0.430220258868356,0.155016679944547,3.3696496135804,0.000752638203069457,0.00208938493523862,0.714342760958104
Neurl2,53.9864369744714,0.425560139966047,0.208068332468176,2.75775490804554,0.00581998164911815,0.0132283332899748,0.625363002864803
Atp5g3,2500.80352443086,0.423810064285515,0.0680338289183365,6.54707646896515,5.86743243428911e-11,5.12109502864754e-10,0.85834033591885
Hnrnpa3,10304.4958424194,0.421857095436639,0.0708625090445016,6.28189783833611,3.34464619200756e-10,2.55175454229388e-09,0.854272406375979
Cdc25b,507.931653386609,0.415222710856701,0.236295944128779,2.51920855389878,0.01176189673171,0.0244889872791901,0.557031212461717
Ptgs1,1457.04985618189,0.41454563412781,0.106727568463889,4.33722459841397,1.44293159544291e-05,5.64243143594342e-05,0.790095534872954
Entpd6,205.783197112346,0.41095557832487,0.133791673584366,3.6008263032762,0.000317207449853955,0.000963992556519958,0.753512398388347
Ptpla,140.629577866629,0.409870319524049,0.207954566456687,2.66987704764172,0.00758790266341222,0.0167240440520863,0.636325629577071
Ccdc34,304.524868581312,0.404424672873577,0.136715550846993,3.49121826735811,0.000480823271584814,0.00141395738355534,0.750662906636155
Arhgap1,4229.55146698132,0.403143085547308,0.0464475455961385,8.90357084907713,5.40782288824727e-19,1.25530527044208e-17,0.882143804063633
Rpl7a,12863.1498655968,0.397421491187994,0.0636657844413036,6.53770862633028,6.24684729370938e-11,5.3681035358963e-10,0.862187323601565
Ola1,793.603108369357,0.397104960277977,0.0830998454470681,5.14691844219014,2.64800384975616e-07,1.37570104765903e-06,0.832484008882683
Nup188,1665.0252530308,0.39596961963956,0.0610875608272558,6.76664488516512,1.31803046359473e-11,1.20837918973265e-10,0.904673220524397
Znfx1,2938.48462404007,0.385923991022565,0.102123112853362,4.20441237567581,2.61761319210867e-05,9.74681226140121e-05,0.805696541856644
Edf1,2160.70184169412,0.382394963715211,0.0752805589503878,5.4138203678142,6.16940595810898e-08,3.56128142872852e-07,0.881005882171834
Pkig,1449.75627982995,0.382258755032354,0.135185800850866,3.34171246468122,0.000832632652771794,0.00229394501054047,0.759691643582321
Gm13498,1222.92484756465,0.369800434932286,0.109914424229444,3.80230805013961,0.000143354325384111,0.000466864385056911,0.796531284547777
Mrps2,464.196921470477,0.368575948546956,0.0695566005188955,5.60554400474899,2.07601867420824e-08,1.23767014948699e-07,0.86562190743704
Fjx1,78.8695049159194,0.361737383059894,0.219195518425755,2.32307484810569,0.02017513189146,0.0389542714277102,0.63325861398908
Rbm38,58.077875083307,0.357617519131394,0.22929702076068,2.24715977132834,0.0246298181252671,0.0465704186735986,0.612014893459865
1700037H04Rik,236.499156203169,0.357302419875975,0.111899726982847,3.62682298741723,0.000286929848792765,0.000876864047711222,0.796050271051274
Hsd17b12,1529.11313044648,0.357185734117147,0.0849181861063204,4.55928482791294,5.13281170238513e-06,2.18745998722741e-05,0.839047135400335
Fbn1,66740.6509120827,0.353102740210292,0.107175029249664,3.71188633947394,0.000205720368115991,0.000644945177053294,0.805257933601268
Ssrp1,3756.93815368722,0.349843302197153,0.0709768760044987,5.22975866078048,1.69731469125824e-07,9.21278770230218e-07,0.912592973226524
Pfdn4,247.610421098619,0.348821634377804,0.112580543689436,3.52686547008514,0.000420510367285933,0.00124667611605694,0.797960807096787
Cstf3,456.11407480349,0.347944467400138,0.0774709156824964,4.81321430166396,1.48521873052947e-06,6.83701955699433e-06,0.850483994063396
Src,1841.08878270554,0.346982241734019,0.067540953456403,5.42405331389704,5.82624917872317e-08,3.38108396488669e-07,0.920561017103664
Tank,568.819297432472,0.344332826359631,0.0715622672972388,5.11080833365994,3.20783302817494e-07,1.6508235064806e-06,0.888826371874458
Vim,57814.4768781123,0.343151781632203,0.0596697337279496,6.0062735792126,1.89835767718036e-09,1.28640262472284e-08,0.876931903815377
Xrn2,1618.21096194522,0.342536782800035,0.063569454199114,5.65783806693637,1.53291662252214e-08,9.47720182672719e-08,0.918226791065952
Ube2v1,2957.32765671553,0.342172710037275,0.043237045115502,8.10439367082112,5.30092056915849e-16,9.19263854124713e-15,0.849177035969545
Rrbp1,14233.9211158294,0.341314603045003,0.0692835964428446,5.21544754519171,1.83373948164158e-07,9.75907207059007e-07,0.892026613985707
Hypk,981.419098338183,0.338527714307237,0.0756082058689876,4.78622592883696,1.69946742046806e-06,7.79041578038091e-06,0.906430872640542
Tnks1bp1,7513.12723245781,0.3382919053497,0.0683879769601161,5.23051975463019,1.69034111445821e-07,9.21278770230218e-07,0.893885934286076
Exosc2,430.575113838569,0.336993386940525,0.0969473553095959,3.8504135463843,0.000117918549473296,0.000389845871137472,0.823937274642091
Stam2,1198.73346174115,0.333510043034307,0.0690037661891868,5.11581043849244,3.12396681193756e-07,1.6152833136606e-06,0.900033910283406
Stk35,993.797825901353,0.329330124776294,0.0768016139531224,4.59372152413377,4.35410339735732e-06,1.87020740414049e-05,0.919598569035023
Gm14295,213.10488909039,0.327335189428955,0.142225286880816,2.78082228881201,0.00542214096415253,0.0124015844693719,0.762339637788647
1110008F13Rik,1042.87221150657,0.32394347390131,0.054742976522997,6.14240463123762,8.12814802567895e-10,5.87272152054022e-09,0.917127055306993
Nop56,1473.3188384227,0.319837351686129,0.0766052752504711,4.47231269937634,7.73781658954451e-06,3.1617819847165e-05,0.848647832586982
Rpp38,82.1727322330449,0.315742460239428,0.161544597572492,2.46121540172726,0.0138467205534818,0.0282369572408385,0.738574466988618
Zdhhc5,3084.78158587837,0.314213698688643,0.0520577755708374,6.24441111344754,4.25399756984046e-10,3.17884338951777e-09,0.917601971895492
Gabpb1,455.19646893898,0.313083518815245,0.0775083563557313,4.33355262399828,1.46722187884174e-05,5.71692524934406e-05,0.890519371287538
Col5a1,39288.3251867448,0.312104102456241,0.119697552958281,3.01772745734376,0.00254677836262432,0.00628627871860438,0.795081388764964
Nup35,540.192841006612,0.309339119368933,0.0809369498228644,4.12344778136706,3.73243105402434e-05,0.00013528512557942,0.859034746036895
Coq4,179.540825757704,0.30710002203748,0.130371507853213,2.78538977438244,0.00534634136165712,0.0122539042553948,0.77992159715578
Mtx2,667.859513073344,0.305171790587977,0.059679638101674,5.34244982657833,9.16987571256247e-08,5.15687340330188e-07,0.87866281937353
Dtwd1,181.805786354644,0.302653421085777,0.118034338953587,2.95981300430195,0.00307825824169048,0.00752999942081684,0.79843286127417
Lbp,1724.25833983098,0.298538090977465,0.113131979452038,3.01787509790001,0.00254553797116245,0.00628627871860438,0.807431394153445
B3galt1,166.764007195381,0.298119400743533,0.174746583167056,2.21636347066663,0.0266666193503353,0.0494783702571697,0.72171172016319
Sec23b,1494.92134408911,0.297761304140309,0.0862636956502884,3.75795912049963,0.000171304858496643,0.0005513085564007,0.84621972294934
Slc35c1,498.123962867548,0.296430724959362,0.0731689897285028,4.31692292371885,1.58219375150701e-05,6.07807529188081e-05,0.918918481743026
Pigt,2526.6305576197,0.295773681755788,0.0696366052291819,4.50131652286255,6.75338476047114e-06,2.80149915348822e-05,0.915751234936113
Atp5e,1605.20681441271,0.29528997033283,0.0815751734022071,3.90988635351741,9.23395545116007e-05,0.000312864763888684,0.88357525583614
Ndufa8,953.54772501152,0.291834312816184,0.0532008911337365,5.68222859205353,1.32950794973575e-08,8.33616766184889e-08,0.919297721772292
Pdhx,409.139301243797,0.290447299943774,0.070225547339182,4.38692002127941,1.14967039560932e-05,4.5777021956561e-05,0.918149207376261
Blvra,330.385294903216,0.290288797579632,0.0811667580714971,3.86036107604843,0.00011321959668388,0.000378903619577033,0.917523197490038
Cse1l,1478.3993272766,0.285930006544413,0.083694139160913,3.70321866582924,0.00021288123808498,0.000665482609600897,0.904778437720287
Gorasp2,4312.50067379596,0.282597647659856,0.0374029676675687,7.69155380113032,1.4535878421655e-14,2.17241689835967e-13,0.86707128593926
Snap23,1356.15120875032,0.277708967985526,0.0608006762628985,4.77783080119805,1.77196384716274e-06,8.08875546968432e-06,0.889820261270217
Ckap5,1984.44351478875,0.277621224945869,0.0643417544893927,4.5360432218865,5.73194380787917e-06,2.40521180553699e-05,0.907135914504391
Rabepk,347.427107631788,0.277068714094874,0.0927648483413252,3.28929184915884,0.00100439817054788,0.00272586667678542,0.840239378841814
Adrm1,1814.25956762062,0.27488471697801,0.0624796467765919,4.61269471669765,3.97481890065178e-06,1.72770016757414e-05,0.904037001751479
Med19,475.63064862624,0.270552981935165,0.0859166824604165,3.42598188624705,0.000612581233064293,0.00175906426514644,0.894146336901325
Kcnip3,152.873785143834,0.270272109717493,0.151230223673088,2.21477541672448,0.0267754833820405,0.0495948124256754,0.761022974391846
Prpf40a,1410.97853861131,0.269970323013643,0.0784790868643156,3.69576494042479,0.000219225732748095,0.000679475211443669,0.899801701015772
Bloc1s6,542.853194838705,0.266942626394471,0.0648507208826193,4.32953407307514,1.49425150540432e-05,5.80152452810005e-05,0.910877339436549
Prrx2,509.326247642751,0.266079083039664,0.137599773197397,2.32810435820509,0.0199065629475816,0.038615085106094,0.778224335863079
Zc3h15,1279.8325585791,0.264179188728707,0.0691100041846028,4.045823826902,5.21394347698628e-05,0.000184091014025632,0.855007167352235
Edem2,911.136526118194,0.263536576826917,0.0796405068688028,3.56144638132509,0.000368817433721424,0.0011084843531407,0.863495671795221
Cpne1,3389.18572215802,0.261572772891492,0.0474873867171349,5.66415208107566,1.47753321871347e-08,9.211364237808e-08,0.91838151804596
Raly,3566.41386796621,0.261330300745689,0.0534072730247322,5.06714240654036,4.03832170396958e-07,2.03032671844738e-06,0.851000456950915
Ssb,2453.51414571229,0.261002161298562,0.0600823630692835,4.53791365154485,5.68135129690843e-06,2.39318697487533e-05,0.911426349665893
Ptges2,429.466014894875,0.260581904983619,0.0790242545066333,3.54510823283084,0.000392451902497097,0.00117627754292399,0.907235768359763
Gpcpd1,597.103876350553,0.256952072869384,0.110482906480431,2.64874154318368,0.00807920921532722,0.017628834507844,0.816053869030107
Atp5c1,2837.34791072801,0.256613390377287,0.0599546027708889,4.46982403045905,7.82839772199889e-06,3.18685892339582e-05,0.861966823319327
Hspa5,31785.8998240817,0.253416568057004,0.120858953998058,2.43877436554064,0.0147371667490177,0.029623338963923,0.803483518430994
Pdia3,24427.7219407162,0.250716387125313,0.0959932963505543,2.89260791841418,0.00382057903746138,0.00908115845287662,0.839645473186951
Pmpca,1429.6630409086,0.249816021250244,0.0547132104981916,4.7346620015282,2.1942045177532e-06,9.81097183962598e-06,0.911335318165036
Ptpn1,2216.51692033056,0.246556544989554,0.0643553572006394,4.02453386149067,5.70882798512131e-05,0.000198354501011699,0.905611886843085
Ywhab,8137.97274303651,0.244587813047124,0.0539281450478774,4.69775558388057,2.63035930263756e-06,1.17131510170513e-05,0.894016295546167
Prdx6b,530.492755574288,0.243608916586173,0.113222168931907,2.46403077004347,0.0137384316745644,0.028121255078705,0.814071690895359
Ndufaf5,206.279516776449,0.240644272811153,0.117761267598918,2.36206401767756,0.0181735036236832,0.0355327821746208,0.809556875447795
Ppp2r4,3360.2462906217,0.240633612112758,0.0462103930848644,5.34466068060307,9.05865879504096e-08,5.12072370227445e-07,0.916887538125799
Mettl8,161.577964312683,0.239931983181152,0.11960015601186,2.32772066208906,0.019926941260065,0.038615085106094,0.807000591905149
Dnlz,649.758444604509,0.239571049253209,0.0780099809796026,3.29409365809455,0.000987395923890467,0.00268640636649501,0.917915570480095
Eif3m,1847.68535943832,0.235435886892407,0.0606530803070562,4.05502992835365,5.01278842064272e-05,0.000178974229912942,0.856215440957633
Map1a,1824.25478477545,0.233276198168417,0.0984460284169012,2.63552820038676,0.00840064449987813,0.0181847284709663,0.837836963486052
Galk2,532.274763639843,0.229929329430219,0.108552509730496,2.40276547273672,0.016271619219893,0.0322769755798241,0.823577228168981
Commd3,974.607976071089,0.228943725669007,0.067270721652985,3.58820511720659,0.000332962300331095,0.0010062655669286,0.868889459839787
St6galnac4,508.131060788712,0.22347364487403,0.0703837074372899,3.36262422117319,0.000772053812857436,0.00213784444118645,0.877630162517134
Alkbh3,497.764784392705,0.219234620664984,0.0808476693447584,2.92032315561741,0.00349668589609011,0.00840388755243371,0.907830410870277
Swi5,2773.02807610684,0.219200151500282,0.0674524376087775,3.42593381325405,0.000612689661554212,0.00175906426514644,0.920997495031666
Vav2,1418.38940201518,0.218426760319559,0.0905387533588908,2.64276557360841,0.00822319481109134,0.0178715249778897,0.906835058935831
Urm1,755.558719301511,0.218378622768751,0.0705802276032889,3.27715935549984,0.00104857171231149,0.00282467095835021,0.858804033673616
Fam98b,646.49886652889,0.2167608083674,0.0690028301153144,3.31906347285166,0.000903198969875636,0.00247087339865308,0.911698326074288
Golga1,718.17323322944,0.215038960460897,0.0759968802505946,3.02236045062763,0.00250811696580808,0.00621899002203776,0.892564463978306
Ndufs3,1292.44030402385,0.214391614469791,0.0511200163630877,4.32550888886722,1.52180131629904e-05,5.86673228297614e-05,0.864567134339999
Nsfl1c,1742.80873587547,0.213986502265722,0.0576723203405998,3.85794827644955,0.000114342836970442,0.000381339512356468,0.85716765658043
Ino80,1279.90119281928,0.213941303789896,0.073101903162622,3.11145139290181,0.00186170120182896,0.00479036795093254,0.87586944543105
Rpn2,12971.8093668515,0.210380134563393,0.0482774231814415,4.47942355319216,7.48448889485697e-06,3.06976593394322e-05,0.912237298651658
Api5,2371.62308465896,0.207533524451103,0.0533069311118404,4.02503301063688,5.69673236904968e-05,0.000198354501011699,0.914583430271861
Agpat2,656.517178080936,0.20739212583329,0.0784811982118994,2.83325531639346,0.00460765678337656,0.0107643544982095,0.874240910458571
Fign,277.477189581352,0.20697577718668,0.0890561639230449,2.53795758260743,0.0111501497872982,0.0234477857869141,0.917444272320172
Rbm17,1223.14367758061,0.202563171872079,0.061378528524342,3.44711343779474,0.000566610618339171,0.00164407495906392,0.863062324721555
Mtch2,2362.88696974917,0.202334840091709,0.0519502581299372,4.01952990925998,5.83143788249224e-05,0.000201971388247589,0.918304227816837
Cdc123,1027.90311591151,0.201949273997534,0.0623252626221324,3.38879040153103,0.000702016490134429,0.00197396904829037,0.920925082103189
Spred1,2414.68575149796,0.201532311619434,0.0546899415717553,3.81554214711417,0.000135884258909433,0.000446535320693346,0.919897181591996
Ntmt1,493.698931782093,0.20027004444085,0.0795121372517855,2.7043259124471,0.0068443122709533,0.0152080339869859,0.896928631510848
Commd9,468.674525856193,0.200241641171325,0.0704307867536205,3.00850755695938,0.00262534272708026,0.00646557317210963,0.920340964519464
Ppp6c,797.715214533964,0.199120847255066,0.05857523870528,3.5369924574355,0.000404711223768549,0.00120639329270898,0.916485251282265
Tmem189,721.894748598733,0.19844502656807,0.086956331162011,2.48186268628736,0.0130697628959821,0.0269548418138308,0.91241549703003
Ttpal,1013.3406661818,0.196964288256604,0.0629211135106079,3.27594807984755,0.0010530791842541,0.00282982608379611,0.859950104828863
Dido1,1957.15632376723,0.195714390844639,0.0456868756322439,4.3895076975475,1.13607557276379e-05,4.5401408420707e-05,0.865201975897781
Fubp3,1276.66125759413,0.195575053838124,0.0592307978254774,3.43810169871188,0.000585807642606542,0.00169526827077914,0.871811685846329
Mrps5,647.090983565319,0.19534106778688,0.0604356632858958,3.3709009080297,0.000749228021587918,0.00208522390702148,0.900838235143195
Aqr,1933.91543542367,0.192609506303661,0.0424655822375671,4.6321223274629,3.61936182846548e-06,1.58583283327544e-05,0.860403340735566
Cops2,1652.24885303937,0.191136020706447,0.0815298413574716,2.52473201271731,0.0115786546834449,0.024153560725886,0.849963938390573
Nelfcd,861.830887596246,0.190841303502152,0.0645491599168201,3.10042387906791,0.00193243877286783,0.00492591285326823,0.916566019898046
Fam188a,611.681998467279,0.190199120849477,0.0716877460380761,2.81179597240715,0.0049265742213101,0.0114116613066864,0.91372926457458
Polr1b,536.420084675824,0.189719667850731,0.0624579326543281,3.17597637771861,0.00149333110824388,0.00394485287916242,0.919146452272333
Arfgap1,2191.81778778857,0.188388940693957,0.0676543909465707,2.93295870896763,0.00335748541363276,0.00810401899617995,0.919373144462224
Psmd5,941.983679432641,0.187288448213021,0.0620411398973445,3.15425742547272,0.0016090708327027,0.00421994297711212,0.874057320546831
H13,4049.08060025399,0.186338069274055,0.0626122518164857,3.11195842359063,0.00185850671469232,0.00479036795093254,0.917365195952662
Zmynd19,324.478955734327,0.185205283831306,0.0906195883644647,2.23622568676444,0.0253369914323005,0.0475777240148706,0.904883422904718
Rtel1,819.313345420134,0.184897692086218,0.0835193134150332,2.39169131956243,0.0167709406513694,0.0330869733284703,0.850742672274359
Jph2,2466.89284394859,0.184501335764726,0.0689664206461925,2.82284454240219,0.00475996459618728,0.0110727534636254,0.861077720732012
Mrpl41,293.729993275473,0.183275238891934,0.0902709323146099,2.21986677826318,0.0264278122467457,0.0491188128810896,0.894405464595569
Cstf1,579.146623364375,0.182703594126593,0.0699771368855237,2.75895455226085,0.00579865987223044,0.0132073860555395,0.871237708320268
Traf2,838.602495919607,0.182051323957024,0.065005786772369,2.9377793692025,0.00330572184983418,0.00799676837731506,0.86645396992969
Man1b1,2778.72898456391,0.180018809948143,0.061717806421085,3.04557605064156,0.00232235038086698,0.00577149035427306,0.918071476329135
Top1,1860.77737694747,0.176891979025731,0.0523069104023161,3.48901035981074,0.000484812359022241,0.00142185560132598,0.884972352766106
Dync1i2,3017.08183486091,0.176334086808372,0.045436376483966,3.97379101065795,7.07376365512961e-05,0.000243453506238057,0.910600274170549
Frmd4a,1328.47739348475,0.174779155051594,0.071894491709785,2.57561377512252,0.0100062347017549,0.0212803159056814,0.904356169151419
Snrpb2,713.228500515533,0.172738916259354,0.0757450152157063,2.43064169874387,0.0150721112316741,0.0301513465980302,0.880676714487662
Mapre1,3576.68468178135,0.171750025636083,0.0657350969662941,2.74259350605171,0.00609560921616131,0.0137771117911183,0.920414450714557
Rpap1,869.460861740125,0.171282283943054,0.0700356069456847,2.58338545711829,0.00978359480932904,0.020888262107589,0.873503320490586
D2Wsu81e,601.71766636676,0.17030318494405,0.0793076110037725,2.30188348090622,0.0213417440308217,0.0409206375002222,0.852022752272006
Wdr5,1156.42896090431,0.169511666328698,0.0549957806620628,3.18950799198963,0.00142515198429691,0.00378306767607768,0.858107343050295
Agps,1217.75300079383,0.167998275819679,0.0767937397692137,2.33515123224306,0.0195355217364211,0.0380593825257775,0.889112165262956
Naa20,819.041544048317,0.166426985791945,0.0737432277082285,2.39713388353392,0.0165238848609949,0.0327178918028048,0.876402957843237
Blcap,1039.69627373888,0.166286857567562,0.0506388656054393,3.38041958624763,0.000723752498456244,0.00202465122004042,0.891755664459949
Tubgcp4,1090.81103375441,0.165895457034997,0.0788934722103248,2.25210948777879,0.0243153538804527,0.0461357410149112,0.860853652539645
Vps16,1367.41792764217,0.164015506546211,0.0727598126966348,2.39042491369118,0.0168288899026009,0.0331021854894033,0.876225630666542
Surf6,517.490020338106,0.16260588357949,0.0697226702864125,2.4615485972529,0.0138338654938591,0.0282369572408385,0.868288953548977
Anapc1,5077.93090696245,0.158643695880855,0.0433317356004124,3.73951255751895,0.000184377437799283,0.000586460013524833,0.849702551523658
Nat10,904.696558874583,0.154749998748431,0.0736835347273058,2.22951484593998,0.0257796686359461,0.0482763238074765,0.863926284817949
Rmdn3,696.067189745078,0.154456994913367,0.0668986720987704,2.42607738773278,0.0152630152377129,0.0304423210682721,0.852528657392444
Chmp4b,4409.02230679786,0.153843127609321,0.0378964099305299,4.12573120501672,3.69558699943577e-05,0.000134396180546148,0.864354189582672
Ddx27,898.337198278071,0.153706699727447,0.053979630230943,2.94165506535125,0.0032646334701649,0.00791492247988867,0.900724124941979
Aar2,656.28384592295,0.148268885702504,0.0610561292105239,2.53068521769034,0.0113839962910472,0.0238386563407533,0.91876578585177
Zfp217,1127.8432418779,0.14206281087262,0.0562780092478531,2.6141905652006,0.00894391355236602,0.0192082867827388,0.854763071674376
Fkbp1a,5363.27604638121,0.14115537716976,0.0593932712097314,2.47083137183372,0.0134799365603512,0.0276440052393669,0.861523699156629
Sys1,696.693788687998,0.140226340440732,0.0644854951300218,2.2761126334093,0.0228392691362922,0.0435623122861796,0.915420847622137
Ext2,4553.19657380566,0.139311458963516,0.0396589011032271,3.57462403291854,0.000350731517679381,0.00105703891101714,0.859264705668156
Snrpb,3197.76677085345,0.135053879453526,0.0486386841509666,2.85006700794634,0.00437100193780696,0.0102775067115245,0.86808756051159
Kif3b,1143.98418136459,0.132552154868253,0.0459682978619984,2.9514725151261,0.00316262691434901,0.0076846903419928,0.886186364874116
Tm9sf4,3266.51225875228,0.111305823190118,0.0419413345532145,2.70501809925405,0.00683006679591327,0.0152073528047783,0.86240712053362
Nckap1,4926.50974520929,0.107878510292165,0.0489332515458511,2.26243753510213,0.0236703840697441,0.0449902247736773,0.918842205620489
Ptpra,4305.39052906506,-0.110619878249751,0.0450873456451543,-2.50814441835643,0.0121367052061389,0.025221229295043,0.886635038862785
Itch,2085.84162631218,-0.112020790892391,0.0512538178422358,-2.24871791247003,0.0245304488113566,0.0464630549534549,0.877107214493703
Trim44,3551.3057141491,-0.112887509979822,0.0364060404004301,-3.14583673454794,0.00165612426756303,0.00432654153110537,0.90129206473064
Gnas,30581.5950676779,-0.113646845760949,0.0529099090686329,-2.21412338033811,0.0268202926958281,0.0495948124256754,0.907434833234527
Rtf1,1609.77388418585,-0.117041011706048,0.0478833789479321,-2.50605715836156,0.012208588213734,0.0253223759338095,0.878148678777655
Gzf1,813.729631323205,-0.118060546231137,0.0531898318466292,-2.28894418719544,0.0220825954394984,0.0421928399728419,0.877282026421877
Camsap1,1321.0176507562,-0.119998298032535,0.0533076329337964,-2.32177979942196,0.02024479550826,0.0389542714277102,0.89945135731303
Ambra1,1504.31865196258,-0.125805500940272,0.0543610924539954,-2.39019708764204,0.0168393335899348,0.0331021854894033,0.900609751814032
Ralgapb,2380.09424436573,-0.130685096798953,0.0495439911749756,-2.70985922756295,0.00673117701902705,0.0150485945240953,0.910414604958027
Acvr1,1729.32269146714,-0.132278560150561,0.055876505163026,-2.44981864818299,0.0142928181496977,0.0289841349466918,0.871429604433055
Rbm18,1012.98755245331,-0.134984845404952,0.0605021918211863,-2.32243959642192,0.0202092773447319,0.0389542714277102,0.893361266470432
BC029722,956.635531631287,-0.140742800837432,0.0505377821191007,-2.86475182157826,0.00417336179960385,0.00987665449754403,0.884355582539651
Chst14,1452.79377412022,-0.148110974493344,0.0588686877645052,-2.61445539473741,0.00893698290860094,0.0192082867827388,0.910692820470579
Srxn1,1399.54120169975,-0.149941209274564,0.06001974262803,-2.60001044518172,0.00932209229812651,0.0199811447883222,0.912147927265356
Cdk9,1614.52330888842,-0.150702781408,0.0497595089096862,-3.11350677630413,0.00184878264449669,0.00477967266622249,0.880511446779196
Ubr1,2038.4476897831,-0.152669641336728,0.0588059582614922,-2.69794931724232,0.00697680617988495,0.0154557256029976,0.913642907482062
Tlk1,1244.70355652635,-0.15484940653552,0.0624302770261183,-2.59013262491125,0.00959389623067534,0.0205234133091506,0.89504776712236
Mllt10,1254.57273599912,-0.155016324924962,0.0628835624622656,-2.57583476676218,0.00999984200779155,0.0212803159056814,0.903392233566158
C330006A16Rik,1452.08496887034,-0.156812619875495,0.0698295035513681,-2.37008026905175,0.0177842237917249,0.0348340900480643,0.88810540152345
Mga,2805.80392398024,-0.159837092346875,0.0760309788510509,-2.24048938592694,0.0250591690865977,0.0472185724930537,0.889679366463657
Vps39,1680.15230811852,-0.160954539824127,0.0498738219137752,-3.31892509915608,0.000903646641670557,0.00247087339865308,0.913469673595366
BC005624,1246.92474851389,-0.163699871759392,0.0448046539718169,-3.73764629967166,0.000185751007555311,0.000589111480357105,0.900265045750959
Pdcl,904.997301940856,-0.163991933750457,0.0748680547665841,-2.33048532687207,0.0197805146499826,0.0384679883834778,0.915833428853248
Sp3,2916.60999738009,-0.165292760688786,0.0632673391656503,-2.73232263723265,0.00628895220188018,0.0141177918770602,0.909569459721781
Plcg1,2128.6103336867,-0.166064130563727,0.0499202311009427,-3.42171832373696,0.0006222674346704,0.0017772088251974,0.89991794034174
Ssfa2,1746.59227969178,-0.166424099865224,0.052221519245035,-3.28662612213849,0.00101395357121038,0.00274497108235863,0.890796537436177
Osbpl2,1042.00493399641,-0.166440499877588,0.055573873517874,-3.10105236676377,0.00192834184748188,0.00492591285326823,0.911061097499567
1110051M20Rik,757.732037847706,-0.167956566169139,0.0653064397121947,-2.69760059475554,0.00698411798558918,0.0154557256029976,0.912857843004626
Nacc2,1470.05908546104,-0.169534641085337,0.0640661383336606,-2.77098112963839,0.00558876655797228,0.0127559504492631,0.903930138724476
Pank2,1187.26222909747,-0.169713129669445,0.074765656444555,-2.41525937643466,0.0157240080136995,0.0312475277649291,0.904250016176004
Atrn,2368.70848848058,-0.174224633807339,0.0512662178681614,-3.50167895304575,0.000462336366031279,0.00136326750091926,0.916404326138158
Cep250,1409.2347892646,-0.174282529746872,0.0640363635957423,-2.85027669307737,0.0043681211151413,0.0102775067115245,0.910507535865747
Tsc1,1418.69169912926,-0.175876012892091,0.0776051581930649,-2.42309333894945,0.0153889721238473,0.0306375339180975,0.895556010380847
Ccdc32,449.076660850184,-0.17593106735644,0.075456840310284,-2.48419216092947,0.0129845719408548,0.0268298636126374,0.909474569333242
Phf20,1148.1737417813,-0.176009592996781,0.0552363638467624,-3.29896186821427,0.000970430924524299,0.00264685034664002,0.915668880327057
Fbxo3,1858.91832811721,-0.17885575357616,0.0643163604708821,-2.91396442204751,0.00356870575283138,0.00851960169877251,0.91096931328646
Rxra,3787.7736869047,-0.180100575371735,0.0511446553769922,-3.6284623302735,0.00028511434114935,0.000873763332005451,0.91704736978325
Ndor1,1200.2951041724,-0.180242477625126,0.0745884404639972,-2.57159259465054,0.0101231940645273,0.0214871687245122,0.916242004441339
Cir1,818.884763943641,-0.182489715615698,0.072946413957715,-2.65562481719428,0.0079161632038193,0.0173884498140868,0.885885270601296
Cercam,1975.49783242673,-0.18254057967901,0.089710048064533,-2.22243778587278,0.0262537341260974,0.0488785391323759,0.901065670383692
Dph7,316.167602925111,-0.182631341750929,0.0825467946127912,-2.38596021951133,0.0170345935821611,0.033425794241255,0.896184433904428
Npepl1,1794.66568339675,-0.184289320555072,0.0713808985423409,-2.73418921499397,0.00625340975862625,0.014066948549817,0.89479178606656
Mvb12b,1315.11158788269,-0.184927906267578,0.0565608841725133,-3.39147855246652,0.000695166037197371,0.00195975748470887,0.898743268280023
Ppdpf,726.667553260903,-0.185865886364912,0.0855019025288016,-2.35673422020297,0.0184364369454358,0.035982384092076,0.909284189878633
Stam,1081.12295400016,-0.186668694966597,0.0595974746350429,-3.26192100724182,0.00110659975217493,0.00295906943535012,0.874423965901863
Lrrc57,596.089803789859,-0.187073276968454,0.081309287466218,-2.47640865810667,0.0132711578479768,0.0272671058609089,0.901517425313447
Eid1,2884.90252459183,-0.188214155106062,0.0837088085186342,-2.43022405461457,0.0150894915146879,0.0301513465980302,0.914413952950972
Secisbp2l,2449.87843664587,-0.188776010727752,0.0641656025375191,-3.08329391207449,0.00204722852889928,0.00515833122649393,0.888969452476936
Pcif1,1480.67876978618,-0.190634799505012,0.0606054201838872,-3.28067624738915,0.00103558540406084,0.00279659325700589,0.896805340400215
Lnp,914.928328158086,-0.195084342585979,0.0707590842601355,-2.91827932417627,0.00351968905555941,0.00842101043775289,0.912945776563653
Fkbp7,2033.73917756259,-0.195788969998446,0.0663008735583899,-3.10513983924239,0.00190189084590495,0.00488226567737012,0.880345720630485
Celf1,1903.24744779419,-0.196241641433899,0.0669939179465236,-3.08328976929796,0.00204725703122995,0.00515833122649393,0.893755251939137
Tpd52l2,2380.25582139643,-0.196464830328509,0.0423761620084812,-4.73479179183001,2.19280088368925e-06,9.81097183962598e-06,0.905508504462847
Hipk3,3906.25170344652,-0.197510090338552,0.0706472450384207,-2.95902780621947,0.00308611253499017,0.00753232388294022,0.912058373674393
Zgpat,995.031915586643,-0.1987324723408,0.0886218810385401,-2.44608511455196,0.0144416902810404,0.0292074482368408,0.89269809026689
Traf6,894.379776703585,-0.199112029355639,0.0678946149218469,-3.09133125474126,0.00199261203570193,0.0050674585803049,0.902408670333235
Prpf18,1169.0055275449,-0.199986069423462,0.0489587021252261,-4.20087592164564,2.65884287327563e-05,9.86665841749561e-05,0.874606489207238
Acbd5,972.915952466771,-0.200328716354037,0.0677077064426151,-3.11809308307901,0.00182025304767314,0.00471709281475392,0.884664792212005
Trp53inp2,3846.76688460132,-0.201031171639658,0.0716482104784756,-2.97470289174562,0.00293272442963292,0.00719011764658318,0.895429411605551
Mtg2,395.538617372921,-0.204523464559203,0.0800471774596614,-2.74625556126303,0.00602797871454142,0.0136726086851657,0.903283928895269
Nmt2,1098.46870013638,-0.207500504591346,0.0790011066515206,-2.8185287361644,0.00482442924021927,0.0111988346831473,0.872191503073451
Clp1,347.303579867375,-0.208709775289524,0.101415458774348,-2.30055061925399,0.0214170449647542,0.0409929755378015,0.837225027499207
Kiz,626.555372969953,-0.213869345442783,0.0635388457379621,-3.52777456200858,0.000419068899329505,0.00124578792688962,0.903175381116251
Stard7,1631.39868079913,-0.216461752300644,0.0475510555050129,-4.67630497208357,2.92090123784323e-06,1.29016325930646e-05,0.890100973980356
Ddb2,376.228673311121,-0.220524309697943,0.112663957085339,-2.238734256638,0.0251732121823516,0.0473516801568027,0.819138919443993
Pip4k2a,505.100682024403,-0.22196865684652,0.108600887412269,-2.31848263287854,0.0204231057488948,0.039228183753599,0.82465297677767
Brd3,1926.84298675659,-0.222951758088039,0.0627959178526205,-3.71842582843003,0.000200468134717018,0.000630290302525264,0.915337845509892
Rnf24,848.188293795197,-0.224311841908694,0.063163291424691,-3.72144871357712,0.000198083099509642,0.000626401917579766,0.890658130005804
Mapk8ip1,1140.31069853577,-0.224792380623175,0.0832584657859489,-2.92028389828292,0.00349712644253429,0.00840388755243371,0.88796008386309
Tshz2,2942.09494258565,-0.232201739741827,0.0656539842518329,-3.72047275409061,0.000198850194868422,0.000627010296535977,0.873688527927642
Inpp5e,1024.13682153493,-0.2322152458987,0.0511709944480312,-4.68308482849717,2.82589495951873e-06,1.25327292716867e-05,0.901629720153454
4930402H24Rik,2324.08850648323,-0.235432890372014,0.0535677494289792,-4.54913640282971,5.38665199026751e-06,2.27784392301622e-05,0.877803490898838
Epc2,1281.38242608737,-0.235733173930995,0.0645940874767956,-3.83361455953274,0.000126273951809206,0.000416208100978379,0.909664151386994
Rcn1,9094.33172101481,-0.235937869380711,0.0661195729235552,-3.75675108059784,0.000172133560360847,0.000552346218687305,0.894663326708888
Abhd12,1577.0818071261,-0.238003843293876,0.0566263807002879,-4.36761690023529,1.25609568666984e-05,4.98327416057016e-05,0.876579777646037
Fastkd1,229.224934998383,-0.24175272932153,0.106342271327581,-2.56788455947737,0.0102321224979819,0.0216341969870121,0.825008650252758
1500011K16Rik,226.545274920163,-0.242674398940087,0.111668714743074,-2.48092972779815,0.0131040204115867,0.0269745023944172,0.816834956634862
Rbbp9,1248.60972438784,-0.244138069480832,0.0703985054246992,-3.67556170719192,0.000237326666337108,0.000731422014050238,0.898861974882274
Meis2,1057.04036888922,-0.244594940071458,0.0520624875011504,-4.8550899572573,1.20332105047896e-06,5.58648198328742e-06,0.892831384564695
Nsmf,2733.20230944729,-0.246417189761415,0.0603557872927308,-4.26479459928323,2.000861836985e-05,7.55342651955237e-05,0.908514596579618
Ganc,758.538702609311,-0.247981121643594,0.0658348829445502,-3.96548865210686,7.32457372009355e-05,0.000250505013436428,0.877976328959801
Ier5l,719.424384708445,-0.250839573419116,0.0988452162683622,-2.82561421047272,0.00471900615784209,0.0110009310218071,0.83441317576695
Mavs,1081.79054740592,-0.251060130245716,0.0432991175404401,-5.93409024127269,2.9547928840288e-09,1.94197532317797e-08,0.908804719423446
Crat,1535.89566910453,-0.252762956626554,0.0434620142161048,-5.95315681999054,2.63019048822504e-09,1.74971818454483e-08,0.878320542418307
Cbfa2t2,1213.09585061265,-0.255043256968357,0.0462974681360076,-5.65641415914332,1.54568228745739e-08,9.47720182672719e-08,0.916079051142587
Pltp,5188.10736671882,-0.255585388664743,0.0629887235424342,-4.2552571460949,2.08808896416126e-05,7.80172965719156e-05,0.881658799142084
Vapb,3215.91011816877,-0.256614982027845,0.0474646326713973,-5.55873661252363,2.71734396342282e-08,1.58535949951567e-07,0.905920681106412
Sdccag3,1843.47716582904,-0.257091339423933,0.0716405099812053,-3.81226935604614,0.000137696699970776,0.000449781735533284,0.880012885361029
Tspyl3,319.631679438147,-0.259588444373159,0.0904972103458742,-3.14556768079915,0.00165764835930527,0.00432654153110537,0.845392947266272
Abtb2,904.763372844764,-0.260023329656735,0.0914685848734051,-3.12285651178686,0.001791050427656,0.00465246670612547,0.843712435823514
Zeb2os,170.985002535679,-0.26048962017458,0.116914407388418,-2.57027517930814,0.0101617760530709,0.0215271799493211,0.807860277461068
Lrsam1,770.147837573836,-0.260617635705283,0.0790581044703923,-3.54427806281538,0.000393689800448994,0.00117675499257494,0.914836391485271
Nostrin,372.791979820974,-0.261843162376947,0.126009504002198,-2.44214724236588,0.0146001904590115,0.0294432676354558,0.794103257024388
Arhgap21,6836.90979886529,-0.262508956623945,0.0818273967259218,-3.46536329367656,0.000529515655870586,0.00154465663249949,0.886336316962555
Cd82,8911.26437330226,-0.262701175797147,0.106013691433635,-2.79747942979521,0.00515030466235321,0.0118794553628485,0.821754678873281
Ctsz,5755.37680875906,-0.263868730025915,0.0536381951002958,-5.09610000400718,3.46722019342029e-07,1.76763422010352e-06,0.906935560490377
Tomm34,1044.42084150659,-0.264718405686828,0.0549280372628253,-5.00069229959644,5.71248191940196e-07,2.78228472056587e-06,0.880841525655497
Fam171a1,5149.84417136254,-0.266139891214147,0.0690623921874002,-4.07856131633407,4.53152515087217e-05,0.0001631648164885,0.907633045583062
Optn,274.279200348476,-0.268187265883097,0.114673310054761,-2.6854188959093,0.00724389533365106,0.0159981575081241,0.809976353694739
Fnbp1,2309.56684267795,-0.27037193389926,0.070545473924742,-4.06588171395219,4.7851202897078e-05,0.000171729152502343,0.898505017146564
Tmem62,311.346817233813,-0.27071876925235,0.0882954118694099,-3.34964030381216,0.000809165636032546,0.00223493597192787,0.848381835807697
Sh3glb2,995.881135945682,-0.273404709637645,0.0708613898058566,-4.09540344561784,4.21433842089486e-05,0.000152246464145572,0.898265642187004
Metap1d,649.982266405597,-0.274223881670043,0.119997119975513,-2.65174630784545,0.00800766833712428,0.0175429039273144,0.800760426341229
Pxmp4,640.985574177952,-0.276490049608298,0.0769292537650598,-3.85194051968454,0.000117185490744237,0.00038859991003636,0.909852941039268
1110034G24Rik,171.4753908584,-0.27960544812706,0.111662007332987,-2.85745893465824,0.0042704788870044,0.0100846157266706,0.811223773690513
Ttbk2,1069.12089422663,-0.279643808919098,0.0686037210287849,-4.31236412882478,1.61518140313704e-05,6.18302775727198e-05,0.915915462548323
Mfap1a,2818.49082473907,-0.279820558904978,0.0493234270972964,-5.8480708563241,4.97306723759741e-09,3.21042387941939e-08,0.906227461494108
Pacsin3,578.993111059214,-0.283242692890559,0.0774306402541152,-3.92400853496721,8.70876478771889e-05,0.00029598948234895,0.896309212229062
Fitm2,403.982787924891,-0.283768656012089,0.12716993380848,-2.62600512224843,0.00863935172866306,0.0186275350513269,0.788032591971878
Gm14440,922.688774192871,-0.284414087397406,0.107389318556927,-2.997012224085,0.00272639780562565,0.00669932433769727,0.816445243776742
Ncoa3,2997.42857891541,-0.285846816016602,0.0653506955372919,-4.6056734099714,4.11133209457837e-06,1.77994575999405e-05,0.879172639460196
Elmo2,3047.12713495511,-0.28765299170196,0.0600215885460668,-5.0086006718786,5.48271952248475e-07,2.68235291436361e-06,0.908611509083241
Bcl2l1,1609.51910611701,-0.28828668317226,0.042960935189973,-6.86936614323474,6.44877952405938e-12,6.22621102721131e-11,0.89921643057778
Npdc1,2652.69684243657,-0.290289207815624,0.0706907052028916,-4.35877053174808,1.30795166663086e-05,5.15153526460023e-05,0.872944424999381
Pter,319.510841325653,-0.290418384786172,0.0951085810002626,-3.37689220451486,0.000733097740797214,0.0020455489391554,0.833775076251601
Strbp,209.807414072812,-0.290599398422769,0.107576567380639,-3.05746268380983,0.00223219432348732,0.00558560552046941,0.814869666470584
Baz2b,2075.88731432415,-0.290903528892888,0.0630485048384875,-4.84259006738675,1.28157512168438e-06,5.92456973626126e-06,0.917206587883474
Dtd1,503.371966816561,-0.290916804742919,0.0726986128218483,-4.26076418622752,2.03729103239372e-05,7.664429366695e-05,0.89717433203168
2900097C17Rik,8717.43288986039,-0.297378620070087,0.0547418697213092,-5.63848214062172,1.71555609058817e-08,1.03981760823983e-07,0.914752237721917
Surf1,1112.08036631617,-0.299309293564088,0.074580179776953,-4.28588126816693,1.82016187019045e-05,6.89512708464509e-05,0.909947040265741
Ttc30a2,153.759992082556,-0.299892126358175,0.143724821806665,-2.53715185234682,0.0111758465712148,0.0234477857869141,0.764929921806638
Adamtsl2,16908.9754208453,-0.300406464118252,0.15256967710696,-2.43861201849838,0.014743788320266,0.029623338963923,0.752095839004278
Pygb,2290.31752143233,-0.30066521887296,0.0865011509109986,-3.78563297685743,0.000153317820837801,0.000496349384374008,0.845945115311749
8430427H17Rik,621.532281638216,-0.301838892619441,0.0986899480623118,-3.40367377160173,0.000664861077863145,0.001884060872594,0.827112754658503
Zscan29,793.024230302273,-0.304125312200498,0.0625252288094787,-5.10182069520303,3.36401391380224e-07,1.72307003753908e-06,0.90273874247416
Napb,98.9359264172783,-0.304305829872225,0.153851635988677,-2.45501794596679,0.0140877555294159,0.0286748904525985,0.749213318866743
Dnmt3b,151.357352141733,-0.305126894229312,0.156111085489548,-2.4372708817291,0.0147985890017298,0.0296787878692779,0.743242451027315
Cebpb,9155.88432629673,-0.305389106249983,0.128822244888275,-2.79490911912228,0.00519143069707086,0.0119490525116125,0.782693363963947
Cat,2799.69906694022,-0.305919692205435,0.0379569474647551,-8.2106706902895,2.19956377386289e-16,4.06732894454986e-15,0.911517194435466
Nebl,3562.36707886411,-0.307180938447154,0.169327877574574,-2.32568732839046,0.0200352369773249,0.0387561055713856,0.728710859124864
Olfr1033,385.145578898629,-0.307320566120369,0.139357081725176,-2.65540910265814,0.00792122782548224,0.0173884498140868,0.767464357849608
Phf21a,1701.87314622185,-0.307607276758978,0.0479899556177171,-6.59917056228796,4.13464418817256e-11,3.66739577991566e-10,0.902518943022124
Mfap1b,2361.8206203352,-0.30777247989551,0.0521099269702442,-6.11056537697155,9.92787970174553e-10,7.02622218120582e-09,0.906125423911403
Lpin3,838.08967770356,-0.307791233741135,0.100535832518583,-3.41795147216691,0.000630943554549118,0.00179728307575219,0.822488198713278
Cd59a,1078.94223743519,-0.309921526584151,0.0921785735279306,-3.69750987500461,0.00021772475228606,0.000676745597561515,0.836298414752524
Acvr2a,2142.71195775005,-0.31053280837374,0.0890727956816785,-3.8132201559515,0.000137167822497775,0.000449399682717935,0.841122034207329
Cd302,4462.76102695304,-0.310995506218524,0.0833916065867622,-4.03981920385373,5.34924204377099e-05,0.000188258808701747,0.855734556144782
Lrp4,17361.092324094,-0.316640391743004,0.145889887874182,-2.64561209315844,0.0081543265311779,0.0177572260389523,0.759020400391827
Cass4,1310.34342509895,-0.318115834366408,0.120875253835058,-3.05145969158918,0.00227731623214587,0.00567249317185193,0.791112021290764
Ppapdc3,270.068811103826,-0.318295483177958,0.0930866386923415,-3.76540407497163,0.000166279953107645,0.000536720203669943,0.831502469872231
Nr4a2,6393.73118769989,-0.321473359013954,0.194976886360386,-2.22736977659233,0.0259225706245858,0.0484272680675053,0.695182342904555
Dstn,6585.7618926102,-0.328085300458387,0.0709138022979741,-4.91160967528955,9.03317370287779e-07,4.24792780596537e-06,0.8819825780774
Taf4a,854.98431612028,-0.329277952006252,0.0868825161609574,-4.12748798097134,3.66747593946235e-05,0.000133819941470014,0.841414089291507
Slc25a25,4202.48061277381,-0.332026321259563,0.122725623995499,-3.14416594570468,0.00166560957600634,0.00433694522057975,0.785396181937195
Bcl2l11,910.65268611474,-0.332376675897993,0.0774614362789192,-4.60111652245187,4.20232248457977e-06,1.81214775916068e-05,0.88451039434348
Mamdc4,143.372217114953,-0.334450987605731,0.20765047738921,-2.22924628807309,0.025797522254591,0.0482763238074765,0.667030410421284
Spg11,2020.70255329181,-0.334916424613912,0.0490720630980667,-7.03504893513767,1.99191082918665e-12,2.13056344572808e-11,0.91398730266658
Tmx4,1441.33375760353,-0.340383924727228,0.0839192800922446,-4.39354643118081,1.11516358133385e-05,4.47295392365893e-05,0.84342879233136
Ralgds,2759.16606037867,-0.34079946786833,0.0815741001006511,-4.50802898993249,6.54326373919114e-06,2.72469493872425e-05,0.847578205962155
Taf3,599.191408856625,-0.340943194777938,0.0872484198139879,-4.25614333304683,2.07983399729371e-05,7.79759069088465e-05,0.838444315682733
Ivd,2985.09671800708,-0.344789952120825,0.116613043611166,-3.39221859295675,0.000693291062024526,0.00195953510017813,0.793115742732738
Acss2,866.124341216799,-0.352763958256448,0.0719319443178606,-5.2101692602143,1.88668429902763e-07,9.97857086541648e-07,0.90530105880854
Fam65c,240.570224287326,-0.358344285963504,0.1226330361653,-3.38516695082051,0.000711349748462783,0.0019950708883622,0.781038745731876
4921531C22Rik,72.0789869936205,-0.360735908565665,0.19891754836317,-2.44571600809051,0.0144564821703887,0.0292074482368408,0.676967190446188
Arhgap15,104.900541643742,-0.360838082005824,0.156759966451747,-2.84767438032547,0.00440399593668476,0.0103328162729529,0.736176343768843
Pofut1,3309.17911926558,-0.365002048516558,0.0544578872949054,-6.94917148454677,3.67437690805026e-12,3.71180111729891e-11,0.908901018558162
St6galnac6,1771.37801140995,-0.365512470767033,0.0605783692307233,-6.30483874295272,2.88494103560969e-10,2.26436738838142e-09,0.877456341725255
Slc2a4rg-ps,238.394440166767,-0.368445091078444,0.165443406872539,-2.79890556315062,0.00512761315529191,0.0118521736280158,0.718075268787271
Wdsub1,1171.68848292788,-0.373813639604517,0.0523386405200096,-7.38387569299966,1.53747000549881e-13,1.95044159999908e-12,0.883888646802933
Zc3h6,457.247114347371,-0.381117384127949,0.13520539572413,-3.33204602842095,0.000862099963460772,0.0023691462471932,0.76035915791081
Wipf1,2542.88808305982,-0.381432933767101,0.0765553652149833,-5.32082796750237,1.03296047900172e-07,5.74979531934121e-07,0.850224417664201
Dhtkd1,161.665649184822,-0.382654876035618,0.191306766166785,-2.63970468941051,0.00829782973727795,0.0179978772234001,0.681720254296024
Sema6d,566.506042282473,-0.383247269182606,0.131185447070424,-3.42610950607215,0.000612293473551737,0.00175906426514644,0.76428765841408
Slc2a8,761.64746456491,-0.390026804669496,0.0859705285581892,-4.91204919320793,9.01294315979763e-07,4.24792780596537e-06,0.829840758529751
BC029214,432.366564611203,-0.391860874877253,0.110238558243189,-4.00769647020256,6.13138500156755e-05,0.000211688007490829,0.791616581579041
Gm13889,7925.34770916674,-0.394844941885898,0.228827544699545,-2.4525908535921,0.0141831557728214,0.0288153127526037,0.592076960059416
Adal,387.81502626094,-0.394846625147354,0.0962675382509209,-4.51322677799089,6.38486869522455e-06,2.66892404080076e-05,0.812861745283693
Zak,3128.2224192783,-0.399146024131412,0.050769134769304,-8.10422437278907,5.30830639870366e-16,9.19263854124713e-15,0.914667917482275
Echdc3,190.776476846477,-0.400340430132059,0.13914308875547,-3.41387892936017,0.000640450289999412,0.00181961267288895,0.747007065932253
Cds2,5276.17804562223,-0.401437546588137,0.0859759173940326,-5.04912648389479,4.43834815690786e-07,2.21106750647785e-06,0.827458529149183
Sestd1,2280.40562462283,-0.402293204951076,0.0511708752264599,-8.10631827577049,5.21766599110012e-16,9.19263854124713e-15,0.913033532837278
Mgme1,382.681226160976,-0.414304825761163,0.112633937169935,-4.14940803182078,3.33336176379228e-05,0.000122447733478026,0.782144610078647
Cry2,1528.3539543369,-0.414450627073639,0.196482336251634,-2.78803060199035,0.00530295342645411,0.0121800467121293,0.652339967093621
Lime1,801.449017783237,-0.418467056383303,0.124972539472343,-3.85729976984028,0.000114646526171331,0.000381339512356468,0.763641875833776
Ttl,1138.42297231323,-0.419199160966825,0.0721560394545377,-6.14305822362779,8.09475943791503e-10,5.87272152054022e-09,0.849440252311657
Angptl2,7617.03231820502,-0.420109410990512,0.114585584837607,-4.14556307312602,3.38979671950367e-05,0.00012410296043552,0.779358737164475
Pla2r1,4651.8262898165,-0.421314580580773,0.0795793986384172,-5.65635281357959,1.54623457851278e-08,9.47720182672719e-08,0.834094739566502
Smox,600.646490699772,-0.421388613606766,0.0762213067282942,-5.87791492631477,4.15466329348812e-09,2.69805812690211e-08,0.840828901429114
Sqrdl,2733.42219326129,-0.421810886397034,0.0606649117909267,-7.24046149884804,4.47160519846185e-13,5.30274051252379e-12,0.908997114530147
Arfrp1,1011.53484559191,-0.427813591300455,0.0623710948582122,-7.15394048214221,8.43216376678363e-13,9.48401099954736e-12,0.916323244010261
Dpp7,1231.57352158615,-0.438100501833007,0.0752015724298766,-6.17250376179486,6.72169283615552e-10,4.95497762449032e-09,0.838746288924448
Zer1,1984.14094502713,-0.438136287763916,0.0705766877607434,-6.53641749694799,6.30098701621137e-11,5.3681035358963e-10,0.847037703146418
Rem1,1186.52621175515,-0.439322019269228,0.102359984605175,-4.7374063490947,2.16470837674734e-06,9.75907784723697e-06,0.792118710252109
Ttc30b,528.411932181242,-0.440183917567292,0.0957815531649052,-5.01879145439715,5.19975592136892e-07,2.55537554514121e-06,0.803034850669623
Slc12a6,2041.95150992712,-0.440212639229709,0.0598034711754984,-7.64478461251103,2.09295375322126e-14,2.92745198046718e-13,0.901178997221741
Pomt1,1295.29506760483,-0.441190516387844,0.0766319174004892,-6.10969361523877,9.98225882756097e-10,7.02622218120582e-09,0.835361191936222
Sulf2,3902.67302676861,-0.446094452737819,0.212708633883066,-2.83557689744779,0.00457430015131925,0.0107093593671444,0.599554605954607
Ddrgk1,2091.35958031273,-0.458396944531857,0.0612340643479476,-7.77368894279283,7.62328051498867e-15,1.22308809439009e-13,0.900380213134618
Fam210b,2837.87405841364,-0.459893024479371,0.139081804613388,-3.87000949916453,0.000108831112690183,0.000365337673676891,0.729561132720004
Garnl3,528.35241294405,-0.464517409282144,0.112201430766001,-4.62072686469727,3.82397937343343e-06,1.66878459856635e-05,0.770556575791574
Olfm1,1446.10216031609,-0.47013012564602,0.0655844328955913,-7.47205861935846,7.89498209493129e-14,1.02465142248215e-12,0.853031115118534
Fbln7,482.880547635493,-0.476007525854395,0.18519555936985,-3.26253440670338,0.00110420767914547,0.00295906943535012,0.645232467568093
Pcmtd2,1269.32970289872,-0.478394161028854,0.0862099118766114,-5.93463320701938,2.94503143041218e-09,1.94197532317797e-08,0.808287254620982
Dhrs9,40.649622538757,-0.480169741872546,0.254423396907115,-2.74171493297726,0.00611193593666477,0.0137771117911183,0.482038825381101
Btbd3,2332.66047124596,-0.486663158112628,0.0883909773748094,-5.89780726225925,3.68363889314468e-09,2.4064970254017e-08,0.802131340820296
Bfsp1,93.5281063035875,-0.489836563242854,0.200218831989485,-3.18250896163007,0.00146004997364923,0.00386629738167793,0.593972159314461
Slc43a3,24133.0983774752,-0.495903703303209,0.131956874692045,-4.30381540757011,1.67881557163361e-05,6.40415310717575e-05,0.727855245474777
Scn7a,11952.4531723746,-0.503643242493373,0.109893241979512,-5.05187945236154,4.37483788254257e-07,2.18942574763942e-06,0.761683124294456
Bmf,1614.14190693092,-0.504236597237323,0.114295368437421,-4.89632559670666,9.76452287894998e-07,4.5526044704848e-06,0.75280614772248
Fgf7,3426.68528698349,-0.504555949898425,0.0724754264078254,-7.28338109145763,3.25555880639044e-13,3.99080298626064e-12,0.825715686009299
Prnp,3991.93293824641,-0.51137197706125,0.0755407836017482,-7.1011628005832,1.23711540336026e-12,1.36332616673338e-11,0.818377399104941
Ebf4,242.864309304164,-0.520711175575799,0.155404450789854,-3.97115481741167,7.15250778945923e-05,0.000245389496801887,0.679361333054805
Rin2,5190.98528883964,-0.520860729945798,0.109325257143729,-5.22659702010294,1.72658239349443e-07,9.32525441238824e-07,0.754214627438985
Pkp4,806.289943476764,-0.526243299445798,0.0880756482736094,-6.3518636573709,2.12721829142529e-10,1.68173562024999e-09,0.788552119854245
Snx21,709.464312972255,-0.52798301524399,0.109222070696696,-5.29367886519664,1.19879874822514e-07,6.60550219350315e-07,0.75138143739652
Sp3os,101.056225541155,-0.529263389870767,0.171824901937126,-3.75146319792895,0.000175805561887456,0.000562474686273356,0.639342492177701
Pdk1,354.594177948892,-0.530014507398529,0.116534809118681,-5.03467943554188,4.78649141751379e-07,2.37366460750343e-06,0.739364196619248
Scn2a1,480.737474434914,-0.532302873899593,0.0886314856804895,-6.38239927172465,1.7433469845463e-10,1.38831500740147e-09,0.784323163115486
Olfr1034,23.5397852652756,-0.533532944538594,0.316648933256921,-2.70869779696707,0.00675478351132937,0.0150704883657676,0.346779195594987
Gm14057,72.3336357596933,-0.535214769637172,0.229872007179114,-3.15904858066897,0.00158285102982549,0.00416118186395088,0.490856686406465
Gpsm1,2630.34383122427,-0.539145375926926,0.0820766333704472,-6.9152798481983,4.66940665909947e-12,4.63120242279774e-11,0.795566977870902
Fam73b,1466.2924118697,-0.539999847028396,0.0921305538366951,-6.24868987190185,4.13909840259554e-10,3.11431472912534e-09,0.777652749705173
Nfatc2,76.0398695909217,-0.546615767523232,0.198808066162799,-3.50206315318221,0.000461670174532566,0.00136326750091926,0.547927744687134
Defb25,11.6953931606801,-0.548897084054061,0.417033895114841,-2.5281849787155,0.0114653926621996,0.0239631099510723,0.25744727570184
Uck1,1637.89139803957,-0.54929171268171,0.0822297276199846,-7.02223108548609,2.18352993731837e-12,2.31284578797509e-11,0.792618424845959
Spef1,343.344515091725,-0.549966098970013,0.105773930613938,-5.63749301950076,1.72543596878207e-08,1.04002797897306e-07,0.747746783500511
Ntng2,514.264641749807,-0.550274376245479,0.112584619023408,-5.35238903469209,8.68005323220374e-08,4.93225941475744e-07,0.737779948643838
Lzts3,714.123106518847,-0.554184772527831,0.0721650246533106,-7.97711662089534,1.49791283166167e-15,2.47609530203467e-14,0.810809790738583
Mertk,1178.27809292296,-0.557302392739063,0.142659652011612,-4.4815154668464,7.41148604793513e-06,3.05129482199895e-05,0.68404517577237
Matn4,611.604215193601,-0.564435486433993,0.167087072107454,-4.03602574051034,5.436425427232e-05,0.000190100645548401,0.615438207089382
Fam110a,833.897250286512,-0.567806228061401,0.145108213982454,-4.49470959654291,6.96649551035651e-06,2.87895704613597e-05,0.670826572874284
Ppip5k1,1056.87901097023,-0.569406461936812,0.079399252765891,-7.49206466381976,6.77985025672637e-14,8.91182726516683e-13,0.789069107270537
Atp9a,1317.83535708558,-0.569522974221549,0.0813223578786055,-7.33189755116407,2.26916541292188e-13,2.84558559252617e-12,0.784861010451496
Itga8,29751.5148891111,-0.571689595124141,0.148235102266079,-4.44887194546069,8.63224600072924e-06,3.50103360103925e-05,0.656472107347554
Cst3,39580.4873085468,-0.579844560014804,0.0691383158453332,-8.65957677702209,4.73519022137241e-18,1.03321850630346e-16,0.80871233831235
Zhx3,1748.84249423809,-0.584742017146024,0.101446714105196,-6.169256710446,6.86117569660714e-10,5.02385415100563e-09,0.7409294479183
Jmjd7-pla2g4b,297.33027892404,-0.592472417089371,0.12952530407159,-5.09020657601613,3.57673645037844e-07,1.81416493643967e-06,0.688595291748764
Gpr155,704.141369315864,-0.59484420751319,0.112016982319413,-5.75477009568094,8.67597867499351e-09,5.50319345024297e-08,0.712439305189433
Fam69b,199.178156518722,-0.601088921166582,0.162997667505862,-4.32831341290655,1.50255549988312e-05,5.81307819281023e-05,0.580336547133968
Ralgps1,124.545371061563,-0.603283910239602,0.179792681948866,-4.05470278010163,5.01980883165537e-05,0.000178974229912942,0.533599649131199
Casc4,3621.31502172369,-0.606080965744337,0.105862282025135,-6.13947884382814,8.27926490968598e-10,5.94255132662329e-09,0.72081140195395
Sord,1224.54977316988,-0.60613977289241,0.103345957424137,-6.2689224356383,3.63555157636884e-10,2.75443525681834e-09,0.726127749196492
Ccdc3,141.724451912656,-0.607399555837946,0.266129760330749,-3.23466934677783,0.00121783675998912,0.00324855722530105,0.364280328111012
Dnm1,4400.4199437645,-0.619814962162128,0.102896482919348,-6.41999699728323,1.36277033176677e-10,1.11788152778763e-09,0.718993237854026
Pax1,76.9563834832282,-0.620961276130581,0.219162015746878,-3.66041695110046,0.000251805161034441,0.000773857551235424,0.440637454939156
Cd40,1092.73284924141,-0.623592778710401,0.122311462884682,-5.57437507485377,2.48419994511485e-08,1.45713018286037e-07,0.678168696379694
Tspan18,953.22072468593,-0.630418600573001,0.107062419204153,-6.29814107288534,3.01236299732756e-10,2.31442819020026e-09,0.702529531221085
Soga1,9398.77270959395,-0.63351391918239,0.0862571775643822,-7.66628558479966,1.77048744824048e-14,2.54158132372416e-13,0.745514542541426
Map1lc3a,2254.6494034801,-0.638941985804944,0.0550628215547377,-11.7999921835247,3.90347715412932e-32,2.50511386773829e-30,0.819517289905349
Adam33,359.821470087411,-0.639823243650737,0.321489287074221,-3.08479125048108,0.00203695064352196,0.00515617900715187,0.268279158968622
Bmyc,503.506293983897,-0.647619531702431,0.0936505823631854,-7.26322524280006,3.77967754289296e-13,4.58180911032913e-12,0.723495074562535
Dpp4,541.542470635084,-0.657143971675344,0.389840158415622,-2.91854215690005,0.00351672319911456,0.00842101043775289,0.211810761628119
Cdh4,207.711458378752,-0.681691622706419,0.156058604668126,-4.96877497906307,6.73772025225701e-07,3.23826114326538e-06,0.499403084502
Slc24a3,1453.71126229962,-0.684741489885325,0.109767862615328,-6.64469262757449,3.03850492100346e-11,2.73967675108659e-10,0.650940573185335
Nkain4,280.248287661256,-0.686042936645624,0.114680381310822,-6.40921766665803,1.46268243137659e-10,1.19088547211333e-09,0.6408321529664
Plxdc2,32111.5532706783,-0.68898478647235,0.0967893974121394,-7.47059869197408,7.98307707708369e-14,1.02465142248215e-12,0.69410359370882
Gm13375,392.35091157458,-0.689977095108915,0.167542478270859,-4.76402816088424,1.89766003501624e-06,8.62644624251132e-06,0.469885419245346
Hspa12b,625.848685682705,-0.691189979276457,0.103381391057603,-7.06490457452495,1.60726405271486e-12,1.7361634470415e-11,0.669570760324565
Osbpl6,469.15147297595,-0.693283574506812,0.0805834873069419,-8.89004661026392,6.1083280285326e-19,1.38837205815189e-17,0.725255758503166
Cdnf,76.4292277826285,-0.699884070579864,0.225368917805974,-3.96217112181692,7.42712754585397e-05,0.000253218629766459,0.328350332963198
Hnmt,211.867811023629,-0.710408273796619,0.162381766885206,-4.99817852368262,5.78743927570367e-07,2.80626499990787e-06,0.453988316329332
Gm3230,21.3404598955547,-0.717172339106116,0.354866585607524,-3.21550552133193,0.00130214989874155,0.00346498912079764,0.199926442022641
Cdh22,302.717918666696,-0.718778286174724,0.195550775423091,-4.42842151325613,9.49252494534817e-06,3.83568322791661e-05,0.355642247644271
Bpifa2,357.474262183051,-0.730775601543119,0.41881522025922,-3.05642381080526,0.00223994398966896,0.00559217137924217,0.182420618348141
Msrb2,423.400631936277,-0.736124083960176,0.100974463474905,-7.65848159640154,1.8814419458438e-14,2.66578332846181e-13,0.613734176620879
Otud1,710.832212635668,-0.738640803503921,0.0905930200535212,-8.48063385198584,2.2397040633982e-17,4.52503172808785e-16,0.653728130281974
C1ql3,9.2664209716712,-0.743685054670053,0.521885579107607,-2.87502604116338,0.00403994176337319,0.00958168796486989,0.164714421564274
Col20a1,326.714783718792,-0.74436544940028,0.175039137964352,-4.92594995513217,8.3951483990801e-07,3.98222039278104e-06,0.368516877109768
Camk1d,178.678313509372,-0.746882785723328,0.196590946754153,-4.5564596886435,5.20230175971271e-06,2.20844794546559e-05,0.31403750646351
Bmp2,228.332316395818,-0.751957292578724,0.169418275623582,-5.08941240299041,3.59174726187872e-07,1.81416493643967e-06,0.372693586267045
Dzank1,177.27596758171,-0.786171480424369,0.143010266281494,-6.04350525862861,1.50801458469774e-09,1.04129361512989e-08,0.376837671313148
Kcnb1,1868.70323683634,-0.789036015171206,0.0779490914102624,-10.4113562516676,2.20063859231466e-25,9.23421809313573e-24,0.630139760737587
Bmp7,353.288852449869,-0.807995426817498,0.162808152571601,-5.59286329063453,2.23355156323821e-08,1.32435041059396e-07,0.28912558103634
Gata5os,17.0397607925586,-0.812879364583645,0.486261075840608,-3.10351281411665,0.00191237953218211,0.00489766683007202,0.140835176441261
Cybrd1,116.833748339229,-0.827321757248142,0.273165419705988,-4.05021718056532,5.11701199524516e-05,0.000181845605433631,0.17652473214752
Lamc3,1853.1958057537,-0.83474687956114,0.114626815434273,-7.72839099529314,1.08914386245152e-14,1.69750850562086e-13,0.359987679215144
Pamr1,8117.08630846073,-0.847650406049567,0.0914155624064358,-9.63315038992419,5.79257532610264e-22,1.7080269407508e-20,0.419496854856058
Lcmt2,734.46170276446,-0.848607533774616,0.134963989305618,-6.81816721526678,9.22092805337918e-12,8.82458991775148e-11,0.2735938074217
A530013C23Rik,39.6262519842283,-0.855302690098812,0.333527155595016,-3.74602639095256,0.000179657699319696,0.000573118567128036,0.14669897627265
Scn3a,4612.00278786855,-0.869282256687001,0.119626977055475,-7.74531874313545,9.53423703090188e-15,1.50751486966869e-13,0.262898926810051
D630003M21Rik,571.951312280979,-0.907254070733995,0.157288424413104,-6.40417638054867,1.51183257834501e-10,1.22178469849956e-09,0.170596032640138
Abca2,2047.32978478452,-0.92654071458274,0.0398934603887001,-23.4012547393488,4.14969876035991e-121,1.50910711585089e-118,0.466773737449442
C1qtnf4,25.9840716248941,-0.930092500365865,0.345232105503526,-3.90854391492787,9.28540704832918e-05,0.000313634027545732,0.117959405192568
Capn3,46.858037410551,-0.951538567637814,0.358308336104295,-3.89900415426052,9.65891177075171e-05,0.000325242985860806,0.112423476939646
Olfml2a,175.854108144577,-0.97371569034368,0.291844001875465,-4.42058235763528,9.8435259929773e-06,3.9628364790916e-05,0.0904640467659563
Mpped2,18.2965493951241,-0.994956383939128,0.458755088946542,-3.58943646770133,0.00033139358210888,0.00100430666133552,0.084819711007893
Angpt4,165.074314039801,-1.03036342975004,0.166945563867301,-6.87617369213104,6.14815321470702e-12,5.98895996182622e-11,0.0646270581079633
Thbd,23548.9000825724,-1.08009680624391,0.112752961187358,-10.0896941238759,6.13604194072334e-24,2.23147391910972e-22,0.0425442481385774
E030013I19Rik,268.709809964315,-1.08945267990004,0.182866958238909,-6.7196113477695,1.822099020803e-11,1.65659169308006e-10,0.0520303755007382
Cutal,135.202831099649,-1.11609651708572,0.184651063632937,-6.81081497955577,9.70473796579439e-12,9.20684271363625e-11,0.0483900990820198
Entpd2,3195.09392472541,-1.1173618361057,0.251218203452893,-5.41206783183882,6.23010785615075e-08,3.57739351108446e-07,0.0557000023745885
Duox1,10.6512889618623,-1.11854541973765,1.03098178601038,-2.91288852377133,0.00358102414322103,0.0085303435376728,0.101610711717433
Proser2,27.2111600804986,-1.14158092816731,0.375340746954872,-4.29898639158886,1.71581006171483e-05,6.52246960742465e-05,0.0597578736231487
Mafb,1151.08221314734,-1.14777414456147,0.138708130514789,-8.87879543491639,6.75882756371209e-19,1.50487364734896e-17,0.0153639387192445
Ypel4,115.241833496243,-1.20457520719481,0.260869758380458,-5.58644433225779,2.31765793311028e-08,1.36679178649909e-07,0.036966449947431
Rapgef4,60.2137452351683,-1.25040977387081,0.291039880389236,-5.32484162613991,1.01041035169939e-07,5.6531163779694e-07,0.0317321043283008
Gsn,923576.020715091,-1.37305442772651,0.126150067343288,-11.3368668824885,8.61746823623744e-30,4.27348083897048e-28,5.53241611518334e-05
Itih2,234.545932957406,-1.4176261621846,0.201313475606073,-7.71129109995473,1.24551201655262e-14,1.91387832402663e-13,0.000985421111004339
Wfdc16,21.0824550963525,-1.45888429878922,0.525040481325276,-4.17196994303008,3.01977478769849e-05,0.00011130318558713,0.034248637973234
Edn3,306.032971042834,-1.94032323842749,0.1651057334397,-12.0096090432921,3.16336985649904e-33,2.46516893817175e-31,5.94275958519965e-10
